{
  "snapshot_name": "snapshot_full_system_20250903_071025",
  "creation_timestamp": "2025-09-03T07:10:25.879192",
  "profile_config": {
    "description": "Complete system snapshot",
    "include_patterns": [
      "*.py",
      "*.yaml",
      "*.yml",
      "*.json",
      "*.md",
      "*.txt",
      "*.sh",
      "*.ps1",
      "Makefile",
      ".gitignore"
    ],
    "exclude_patterns": [
      "__pycache__",
      "*.pyc",
      "node_modules",
      ".git",
      "logs/*",
      "vault/*",
      "venv",
      "*.log"
    ],
    "include_directories": [
      "recursive_improvement",
      ".github",
      "tests",
      "docs",
      "scripts",
      "configs",
      "templates"
    ]
  },
  "system_info": {
    "hostname": "pkrvm7jw40e0xgp",
    "platform": "Linux-6.11.0-1018-azure-x86_64-with-glibc2.39",
    "python_version": "3.12.3",
    "cpu_count": 2,
    "memory_total": 8330170368,
    "disk_usage": 68.0,
    "timestamp": "2025-09-03T07:10:25.890968"
  },
  "files": [
    {
      "path": "docs/api_reference.md",
      "size": 449,
      "modified": "2025-09-03T07:10:10.806646",
      "checksum": "c0c3cc2ad2097060fc269a045149aa738e7a8e0c91d457e0550cf67e9cb2f829"
    },
    {
      "path": "docs/deployment_guide.md",
      "size": 452,
      "modified": "2025-09-03T07:10:10.806646",
      "checksum": "8f2198cee17b40352fa08248e843d6ab20342dfa6fc0e3264f246104428312c9"
    },
    {
      "path": "recursive_improvement/__init__.py",
      "size": 542,
      "modified": "2025-09-03T06:55:55.362950",
      "checksum": "88952af0fa48ab0ccfd0d8cec66b100ca4ff81a5cbb7bc2d051561c95ea89aa1"
    },
    {
      "path": "recursive_improvement/engines/escalation_logic_engine.py",
      "size": 1263,
      "modified": "2025-09-03T06:55:55.363950",
      "checksum": "6568936cf0a53e8c7c0482a4d1d43be675e429d8f65299b0718df250997124bc"
    },
    {
      "path": "recursive_improvement/engines/cloning_agent_engine.py",
      "size": 18723,
      "modified": "2025-09-03T06:55:55.362950",
      "checksum": "2b17cfc6a53eb65d86efd8b642822d5990f4e9aebe55999b9cba4d68e3f38752"
    },
    {
      "path": "templates/test_template.py",
      "size": 330,
      "modified": "2025-09-03T07:10:10.809646",
      "checksum": "e1d13620d70f073c16a71543fde5c9e3af706fd9028e6966cdda1823c2fbaba8"
    },
    {
      "path": "templates/readme_template.md",
      "size": 336,
      "modified": "2025-09-03T07:10:10.809646",
      "checksum": "439aa2a3486259ec6f5ce0fd20da9acc421bda35565261be03c55d7a75a7c4b4"
    },
    {
      "path": "scripts/restore.sh",
      "size": 541,
      "modified": "2025-09-03T07:10:10.807646",
      "checksum": "50ebb230cb5c5864c9090fd52637cdb0dc17525d7328acb6826528a22eff3dfc"
    },
    {
      "path": "recursive_improvement/engines/experimentation_tree_engine.py",
      "size": 18103,
      "modified": "2025-09-03T06:55:55.363950",
      "checksum": "a6a2d857c8652a9e080f9366f3eed49825e9c863bcdfe7560018eca709d0e1f9"
    },
    {
      "path": "templates/config_template.yaml",
      "size": 330,
      "modified": "2025-09-03T07:10:10.809646",
      "checksum": "74f909340189fb8fa255feefd996cd5501dbe81174ee0cb9c87bcc3776fbc554"
    },
    {
      "path": "recursive_improvement/engines/dependency_health.py",
      "size": 29904,
      "modified": "2025-09-03T06:55:55.362950",
      "checksum": "6782eef79dc4014d8b4b277c52b1aa6801801f41a7f9e79574ce9b4bfb0d653e"
    },
    {
      "path": "recursive_improvement/base.py",
      "size": 6585,
      "modified": "2025-09-03T06:55:55.362950",
      "checksum": "4c86f56a116db029cdb586c6caa987b2e8c89465a3cb1f9e2cf1bbf32be7c178"
    },
    {
      "path": "tests/test_population.py",
      "size": 1021,
      "modified": "2025-09-03T07:10:10.805646",
      "checksum": "796911327c469b45c50c6a932cc97fc7da4b39f12a0dbfd2d421f999237f7dcf"
    },
    {
      "path": "recursive_improvement/engines/workflow_automation_engine.py",
      "size": 1294,
      "modified": "2025-09-03T06:55:55.363950",
      "checksum": "5d3c7e1a62678f8dd5fdc1eec319be5c1ca755462b4104cc722ec1d93fd0c314"
    },
    {
      "path": "configs/continuity_config.yaml",
      "size": 359,
      "modified": "2025-09-03T07:10:10.808646",
      "checksum": "8b2df886e609666766991b8f11bb6ac500a38d3d3a059cdb84188738c86cdf23"
    },
    {
      "path": "docs/architecture.md",
      "size": 448,
      "modified": "2025-09-03T07:10:10.806646",
      "checksum": "97da6e7593c84c6d893ba90755aec1901d720367a45ccc925b9fb6f8dbb7bceb"
    },
    {
      "path": "docs/troubleshooting.md",
      "size": 451,
      "modified": "2025-09-03T07:10:10.807646",
      "checksum": "9faa01838fd2d7287990ffb3ef97c2255a0b0ecff8b503e1a2ff29cb31ca0e2c"
    },
    {
      "path": "tests/test_agent_sync.py",
      "size": 1021,
      "modified": "2025-09-03T07:10:10.805646",
      "checksum": "be0fde40c60880f40eb0431b042ec281ecac64435d7b4aed8441fac0618f0dfc"
    },
    {
      "path": "recursive_improvement/engines/doc_updater.py",
      "size": 41593,
      "modified": "2025-09-03T06:55:55.363950",
      "checksum": "8792c596fe8ea4e23b13607d015f048901efad61b6f719afa3f5c08725c9bc79"
    },
    {
      "path": "scripts/repo_maintenance.py",
      "size": 1024,
      "modified": "2025-09-03T07:10:10.808646",
      "checksum": "eb1c8e64990660bf9698596dc15116068e7abbc899a201c7e094d1fc7fd6b973"
    },
    {
      "path": "recursive_improvement/engines/auto_refactor.py",
      "size": 22912,
      "modified": "2025-09-03T06:55:55.362950",
      "checksum": "03ebad848d7e96efe9780503dd58991cf4630fdcae2281d199705f9112949827"
    },
    {
      "path": "scripts/backup.sh",
      "size": 538,
      "modified": "2025-09-03T07:10:10.807646",
      "checksum": "330b1239485d60a0583f0b5a6f110d22d1d2d53a246d2e077586d5c1a5ac04f0"
    },
    {
      "path": "scripts/install.sh",
      "size": 541,
      "modified": "2025-09-03T07:10:10.807646",
      "checksum": "0c9fc6ecd08008bb9470c5bf67c5441ab2ff8e484f2eb8c5d09f74634eac989f"
    },
    {
      "path": "recursive_improvement/engines/ai_code_review_bot.py",
      "size": 14310,
      "modified": "2025-09-03T06:55:55.362950",
      "checksum": "1df02565f12445d0ec53312be5ab54a134b18b254be727619640c57a0d3fc158"
    },
    {
      "path": "recursive_improvement/engines/debrief_bot_engine.py",
      "size": 1271,
      "modified": "2025-09-03T06:55:55.362950",
      "checksum": "d690537fc1f5ce81de56d5a622542fd08d03b7978ba3a3cd3ff7f26c9e61ec30"
    },
    {
      "path": "recursive_improvement/orchestrator.py",
      "size": 10677,
      "modified": "2025-09-03T06:55:55.363950",
      "checksum": "9a8c46b2d58c5ee7b1ff7e0ea5e018358b1626d3d3681b940cbd5a8a01e1d405"
    },
    {
      "path": "recursive_improvement/engines/workflow_auditor.py",
      "size": 37154,
      "modified": "2025-09-03T06:55:55.363950",
      "checksum": "ff9148c66f3ef03a3c38749ba1d187cfd30b0b9ae316c954653a352af7293280"
    },
    {
      "path": "templates/workflow_template.yml",
      "size": 331,
      "modified": "2025-09-03T07:10:10.809646",
      "checksum": "ee089284d2c3e0541662f5713189b32a6a3983239f0a5ab64abf0acd6f8cf206"
    },
    {
      "path": "configs/merge_config.yaml",
      "size": 344,
      "modified": "2025-09-03T07:10:10.808646",
      "checksum": "d9467d3714b0796a4e5d258da70bd843f27b1de09035a25fe73c5f7de6f0e542"
    },
    {
      "path": "recursive_improvement/engines/playbook_generator_engine.py",
      "size": 1288,
      "modified": "2025-09-03T06:55:55.363950",
      "checksum": "d0765035fdf0a05b72a7e495acdc2e96a3db60c6869cc263bd981abf9f3bfc96"
    },
    {
      "path": "configs/dashboard_config.yaml",
      "size": 356,
      "modified": "2025-09-03T07:10:10.808646",
      "checksum": "1f4b16ed3a77fe65d95acc08c983dfbef088f1152e4ce5ff1c099ff559620d8e"
    },
    {
      "path": "recursive_improvement/engines/feedback_loop_engine.py",
      "size": 11371,
      "modified": "2025-09-03T06:55:55.363950",
      "checksum": "73dbdadbfec1ddf95bdca99d742db66eb659756c53fd57af1a25d54939b3d5eb"
    },
    {
      "path": "tests/test_recursive_integration.py",
      "size": 5085,
      "modified": "2025-09-03T06:55:55.363950",
      "checksum": "00da986238d84b46c2e5ae9ed40a3d57aeb862dc209bc3fbed76971f346a1ab2"
    },
    {
      "path": "recursive_improvement/engines/__init__.py",
      "size": 1530,
      "modified": "2025-09-03T06:55:55.362950",
      "checksum": "7cad328fbeca256e8dc79e44d234cd04ad81e7446810a73257af2a8de24fc729"
    },
    {
      "path": "docs/developer_guide.md",
      "size": 451,
      "modified": "2025-09-03T07:10:10.807646",
      "checksum": "a646a490c69b7bcf73d964491ed74f01aba84826eac83b72bc9177e07d0948d5"
    },
    {
      "path": "configs/agent_registry_config.yaml",
      "size": 371,
      "modified": "2025-09-03T07:10:10.808646",
      "checksum": "7324162aa9b7c18234946fdcfc9a544480dd53bfa4fd399929b625b725983fb2"
    },
    {
      "path": "scripts/deploy.sh",
      "size": 538,
      "modified": "2025-09-03T07:10:10.807646",
      "checksum": "8b68b90e3cd6377eb6a28f5a6c81f32ab67c81dfe8479e756d3a96766388cdae"
    },
    {
      "path": "recursive_improvement/engines/content_stack_engine.py",
      "size": 1222,
      "modified": "2025-09-03T06:55:55.362950",
      "checksum": "f442e6f74c797af0ddff6514627de7c9d7d8aa3d147e5ceae96edf267d21b0be"
    },
    {
      "path": "recursive_improvement/logger.py",
      "size": 5895,
      "modified": "2025-09-03T06:55:55.363950",
      "checksum": "d4bd6ce59e43cba0fe2780ffe2c94a6b5d922110ef376282c31597dff1adcee5"
    },
    {
      "path": "tests/__init__.py",
      "size": 31,
      "modified": "2025-09-03T06:55:55.363950",
      "checksum": "d422b229623f448e84a49c2f2391b591b5f04146aab700d0de27c4bc1ccf3e61"
    },
    {
      "path": "tests/test_merge_automation.py",
      "size": 1039,
      "modified": "2025-09-03T07:10:10.805646",
      "checksum": "ba82bc18a60247dae89d83bf799795d12bc55d7f9cc10de9e3e705342a4e3aee"
    },
    {
      "path": "scripts/merge_automation.ps1",
      "size": 826,
      "modified": "2025-09-03T07:10:10.808646",
      "checksum": "4566facce205ec17bb497557e2c620179c5c4201c4470792b5518229c61ab43b"
    },
    {
      "path": "docs/user_guide.md",
      "size": 446,
      "modified": "2025-09-03T07:10:10.806646",
      "checksum": "04492ceef49f0cb78744b0df9cbf2bfde292b788182174cb63a9882b33dc8d6a"
    },
    {
      "path": "docs/index.md",
      "size": 441,
      "modified": "2025-09-03T07:10:10.806646",
      "checksum": "3f0c9e19f9c5e6b2f4953472a8fa6e2dc3339e7d30cdb9bf50d0ff55ad9e4b71"
    },
    {
      "path": "recursive_improvement/engines/asset_library_engine.py",
      "size": 1364,
      "modified": "2025-09-03T06:55:55.362950",
      "checksum": "54a1d51b41f77c4e2580ef503730e0b39e1881c874909f1533f6461813131133"
    },
    {
      "path": "tests/test_continuity.py",
      "size": 1021,
      "modified": "2025-09-03T07:10:10.805646",
      "checksum": "03008b55b8cfc27b73f06d1094c4ba4301be13edce126d1c519394c187c034bf"
    },
    {
      "path": "recursive_improvement/scheduler.py",
      "size": 8463,
      "modified": "2025-09-03T06:55:55.363950",
      "checksum": "66cde7e2c205681c362fb4728c9cee337ca29b426d1594a383f170483c4567e8"
    },
    {
      "path": "templates/engine_template.py",
      "size": 332,
      "modified": "2025-09-03T07:10:10.809646",
      "checksum": "7ff3bfede28b4f410c0d423fcbceb6a835ae5220dbf794bf21722df868dde712"
    },
    {
      "path": "configs/populate_config.yaml",
      "size": 353,
      "modified": "2025-09-03T07:10:10.808646",
      "checksum": "995c4b87550a23928ac71c30acc0679c4c07e30c6523de61ab72b54899183b43"
    },
    {
      "path": "scripts/health_check.sh",
      "size": 556,
      "modified": "2025-09-03T07:10:10.807646",
      "checksum": "0c4cd9af9dd72f30fa83080e83e8e6da0645f68c54908368ad9d5a6151464c26"
    },
    {
      "path": "recursive_improvement/engines/kpi_mutation_engine.py",
      "size": 1179,
      "modified": "2025-09-03T06:55:55.363950",
      "checksum": "aea26a8d7ba83f6127b7aeb882253bb384b71b676a9906e34256358eb5fc3a39"
    },
    {
      "path": "tests/test_integration.py",
      "size": 1076,
      "modified": "2025-09-03T06:55:55.363950",
      "checksum": "dc9a1bda62faba5b8f2732b792e03f74937d9def7838bcd71f6d91f3bda7d70e"
    }
  ]
}